"nid","field_eventdate"
"1079","2019-08-26T09:00"
"1075","2019-08-12T09:00"
"1074","2019-06-28T10:00"
"1071","2019-06-25T15:00"
"1071","2019-06-25T15:00"
"1069","2019-07-02T14:00"
"1068","2019-07-01T14:00"
"1067","2019-06-19T14:30"
"1065","2019-06-27T17:00"
"1064","2019-06-22T18:00"
"1063","2019-06-28T15:00"
"1061","2019-06-04T19:00"
"1059","2019-06-07T14:30"
"1058","2019-05-30T10:30"
"1056","2019-05-24T14:00"
"1055","2019-05-31T14:00"
"1054","2019-05-17T19:00"
"1052","2019-04-26T10:00"
"1051","2019-04-24T09:00"
"1050","2019-04-05T14:00"
"1049","2019-03-28T19:00"
"1047","2019-02-14T14:00"
"1041","2018-12-10T18:00"
"1039","2018-11-28T14:00"
"1038","2018-12-07T14:30"
"1036","2018-11-24T11:00"
"1034","2018-11-07T09:00"
"1033","2018-11-14T14:00"
"1032","2018-10-29T10:30"
"1029","2018-10-19T14:00"
"1028","2018-10-18T19:00"
"1027","2018-10-22T14:00"
"1026","2018-10-25T19:00"
"1024","2018-10-05T14:00"
"1022","2018-10-05T14:00"
"1021","2018-09-14T14:30"
"1017","2018-09-17T14:00"
"1015","2018-08-31T14:00"
"1012","2018-08-31T10:00"
"1006","2018-08-17T14:00"
"1005","2018-08-29T14:00"
"1004","2018-08-17T14:30"
"1003","2018-08-15T15:00"
"1002","2018-09-12T19:00"
"998","2018-08-10T10:00"
"997","2018-08-10T15:00"
"993","2018-07-04T09:30"
"992","2018-06-22T14:00"
"989","2018-06-08T10:00"
"988","2018-06-29T14:00"
"986","2018-06-06T09:30"
"985","2018-06-11T10:00"
"969","2018-05-07T16:00"
"966","2018-05-11T14:00"
"965","2018-05-10T18:00"
"964","2018-05-08T19:00"
"963","2018-04-13T14:30"
"962","2018-04-05T14:00"
"957","2018-03-06T14:00"
"955","2018-03-19T13:00"
"954","2018-01-27T15:00"
"927","2017-11-28T17:00"
"925","2017-12-11T09:00"
"924","2017-11-24T14:00"
"922","2017-11-09T18:00"
"921","2017-11-17T14:30"
"918","2017-11-06T14:00"
"917","2017-11-09T09:30"
"889","2017-10-19T14:00"
"888","2017-10-19T14:00"
"878","2017-08-24T14:00"
"869","2017-08-07T16:00"
"867","2017-09-26T19:00"
"854","2017-05-12T19:00"
"833","2017-08-28T08:00"
"831","2017-03-20T14:00"
"792","2016-12-10T16:00"
"789","2016-11-21T18:30"
"787","2016-11-16T16:00"
"782","2016-10-20T09:00"
"781","2016-10-20T17:45"
"775","2016-10-17T14:00"
"761","2016-09-22T14:30"
"758","2016-09-19T19:00"
"757","2016-09-14T10:00"
"756","2016-09-12T19:00"
"755","2016-09-09T10:00"
"754","2016-09-01T09:00"
"753","2016-09-19T14:30"
"752","2016-08-27T19:00"
"751","2016-08-30T17:30"
"750","2016-08-29T12:00"
"749","2016-08-31T14:30"
"748","2016-08-23T19:00"
"733","2016-08-25T19:00"
"732","2016-08-02T13:00"
"731","2016-07-08T14:00"
"730","2016-06-24T18:00"
"728","2016-07-04T19:00"
"726","2016-06-15T13:00"
"721","2016-06-01T19:00"
"720","2016-05-24T09:00"
"701","2016-05-03T10:45"
"700","2016-05-13T14:30"
"699","2016-04-27T19:00"
"698","2016-03-18T11:00"
"697","2016-03-17T10:00"
"696","2016-04-01T10:00"
"694","2016-03-17T14:00"
"684","2016-03-02T14:00"
"680","2016-02-19T14:30"
"675","2015-10-13T10:30"
"674","2015-11-05T19:00"
"673","2015-11-27T14:00"
"672","2015-11-27T14:00"
"671","2015-12-04T16:00"
"670","2015-12-11T14:00"
"669","2015-12-07T09:00"
"668","2015-09-22T10:00"
"653","2014-09-15T14:00"
"652","2014-09-18T10:00"
"651","2014-09-24T10:00"
"650","2014-11-14T16:00"
"649","2014-04-04T10:00"
"648","2014-09-05T14:00"
"647","2014-08-22T14:00"
"646","2014-08-13T10:00"
"645","2014-03-25T19:00"
"644","2014-02-25T09:30"
"643","2014-06-28T09:00"
"642","2014-11-05T19:00"
"641","2014-05-19T18:00"
"640","2014-09-18T18:00"
"639","2014-08-15T20:00"
"638","2014-11-07T10:00"
"637","2014-03-28T14:30"
"599","2013-10-25T10:00"
"598","2014-06-27T14:30"
"597","2014-05-09T14:30"
"596","2014-05-10T12:00"
"595","2014-03-22T10:30"
"594","2013-05-22T17:30"
"593","2014-05-01T18:00"
"592","2014-08-25T21:00"
"591","2014-03-25T19:00"
"590","2014-06-06T14:00"
"589","2014-05-23T09:30"
"588","2014-06-06T18:00"
"587","2014-04-09T09:30"
"586","2014-05-29T14:00"
"585","2014-05-27T18:00"
"584","2014-05-09T14:00"
"583","2014-04-07T18:00"
"582","2014-04-14T19:00"
"581","2013-03-11T14:00"
"580","2013-10-16T10:15"
"579","2013-09-20T10:00"
"578","2013-10-10T14:00"
"577","2013-11-29T14:00"
"576","2013-04-19T09:15"
"575","2013-08-23T10:00"
"574","2013-11-18T19:00"
"573","2013-10-24T17:30"
"572","2013-11-19T10:00"
"571","2013-05-13T09:00"
"570","2013-08-28T10:00"
"569","2013-10-29T19:00"
"568","2013-03-27T19:30"
"567","2013-04-18T19:00"
"566","2013-03-22T09:30"
"565","2013-03-14T14:00"
"564","2013-05-14T20:00"
"563","2013-05-18T10:00"
"562","2013-10-24T14:00"
"561","2013-12-06T16:00"
"560","2013-06-10T14:00"
"559","2013-03-13T19:00"
"558","2013-03-20T19:00"
"557","2013-10-21T14:00"
"556","2013-09-19T18:00"
"555","2013-06-26T18:30"
"554","2013-10-31T17:00"
"553","2013-10-28T10:30"
"552","2013-04-09T14:30"
"551","2013-10-14T14:00"
"550","2013-04-05T10:00"
"549","2013-11-11T10:00"
"548","2013-09-05T14:30"
"547","2013-03-14T10:00"
"546","2013-08-31T10:00"
"545","2012-09-28T10:30"
"544","2012-05-11T14:00"
"543","2012-11-30T09:30"
"542","2012-09-21T10:00"
"541","2012-08-08T14:00"
"540","2012-11-23T10:00"
"539","2014-06-26T18:00"
"538","2012-10-05T14:00"
"537","2012-10-18T14:00"
"536","2012-08-25T10:30"
"535","2012-04-22T14:00"
"534","2012-06-14T19:00"
"533","2012-12-04T19:00"
"532","2012-06-28T19:00"
"531","2012-11-26T19:00"
"530","2012-09-05T10:00"
"529","2014-03-19T10:00"
